method,precision@k,recall@k,f1@k,ndcg@k,map@k,mrr,hit_rate@k,coverage,novelty,diversity,personalization,n_eval_users
usercf,0.0820033955857388,0.08513141596509147,0.06516533135039718,0.10967280178902795,0.05406038029875855,0.22043078125421076,0.4465195246179966,0.07346491228070176,2.041046100643186,0.7078177369507163,0.8024560248547636,589
itemcf,0.07457627118644088,0.07176626945281649,0.05862024273440639,0.09735111456037383,0.046607819712944865,0.19879203658864678,0.43559322033898307,0.2897478070175439,3.5655252118363205,0.697930816251049,0.9151287732727116,590
damped_mean,0.059661016949152657,0.05121064332920918,0.04343712025057921,0.07732182079824361,0.037728366236639076,0.16391646489104125,0.3254237288135593,0.018092105263157895,1.756613375663278,0.6790007776282455,0.5044890794509511,590
popularity,0.05694915254237294,0.050721358917889786,0.04303356260808408,0.075404194159719,0.036781274421256276,0.16114675813828358,0.3152542372881356,0.02631578947368421,1.5239676544609246,0.7041456405618344,0.5396627435181722,590
als,0.054915254237288255,0.07272014142551739,0.04948449889064561,0.07223784270168124,0.031415646578782194,0.13412025827280072,0.37966101694915255,0.26260964912280704,2.9212046119994866,0.7112833278565023,0.9700589911081695,590
mf,0.021525423728813536,0.01589377724520146,0.01416024751565497,0.025739954669761218,0.010596560846560842,0.059373150390099556,0.15254237288135594,0.0805921052631579,4.708267231624435,0.7155158006244128,0.7500175534516993,590
random,0.004406779661016951,0.001965098648058759,0.0022938551867265305,0.004436850069877294,0.0013581541373611592,0.011193166532149582,0.04067796610169491,0.8072916666666666,5.854237772095834,0.7409909566947182,0.9972875600702138,590
content,0.0038983050847457637,0.002219257004238601,0.002456058237708018,0.0039030777793362752,0.0011362658057573313,0.01020177562550444,0.03728813559322034,0.3670504385964912,5.648761190317715,0.07322347439152457,0.9955293372852579,590
