method,precision@k,recall@k,f1@k,ndcg@k,map@k,mrr,hit_rate@k,coverage,novelty,diversity,personalization,n_eval_users
usercf,0.0820033955857388,0.08513141596509147,0.06516533135039718,0.10967280178902795,0.05406038029875855,0.22043078125421076,0.4465195246179966,0.07346491228070176,2.041046100643186,0.7078177369507163,0.8024560248547636,589
damped_mean,0.059661016949152657,0.05121064332920918,0.04343712025057921,0.07732182079824361,0.037728366236639076,0.16391646489104125,0.3254237288135593,0.018092105263157895,1.756613375663278,0.6790007776282455,0.5044890794509511,590
popularity,0.05694915254237294,0.050721358917889786,0.04303356260808408,0.075404194159719,0.036781274421256276,0.16114675813828358,0.3152542372881356,0.02631578947368421,1.5239676544609246,0.7041456405618344,0.5396627435181722,590
mf,0.021694915254237265,0.015418272160032682,0.01424755041283162,0.0267665757977666,0.011098653868326987,0.06432001614205006,0.1576271186440678,0.033717105263157895,4.04406649332412,0.7281053453430262,0.5764162182383241,590
itemcf,0.013389830508474565,0.012369717088390218,0.010223799819640252,0.014909417018277062,0.005444152990763159,0.03141511972020445,0.11186440677966102,0.5433114035087719,4.889039353036596,0.7221852730315964,0.9901303559609795,590
random,0.004406779661016951,0.001965098648058759,0.0022938551867265305,0.004436850069877294,0.0013581541373611592,0.011193166532149582,0.04067796610169491,0.8072916666666666,5.854237772095834,0.7409909566947182,0.9972875600702138,590
content,0.003904923599320884,0.0022230248429554746,0.0024602281158705103,0.003909704396958238,0.0011381949497399413,0.010219096127415313,0.03735144312393888,0.36622807017543857,5.6498200702974115,0.07330230046138604,0.995518173313468,589
